{"cameraMode":{"drawMode":0,"name":"Shaded","section":"Shading Mode"},"sceneLighting":false,"audioPlay":false,"sceneViewState":{"m_AlwaysRefresh":false,"showFog":false,"showSkybox":false,"showFlares":false,"showImageEffects":false,"showParticleSystems":false,"showVisualEffectGraphs":true,"m_FxEnabled":true},"in2DMode":false,"pivot":{"x":0.13514649868011475,"y":0.8463526964187622,"z":-0.11334994435310364},"rotation":{"x":0.0010178587399423123,"y":0.9771999716758728,"z":-0.2122688740491867,"w":0.004687058739364147},"size":1.23623526096344,"orthographic":false}