{"cameraMode":{"drawMode":0,"name":"Shaded","section":"Shading Mode"},"sceneLighting":false,"audioPlay":false,"sceneViewState":{"m_AlwaysRefresh":false,"showFog":true,"showSkybox":false,"showFlares":true,"showImageEffects":true,"showParticleSystems":true,"showVisualEffectGraphs":true,"m_FxEnabled":true},"in2DMode":false,"pivot":{"x":0.8186626434326172,"y":-0.3095463514328003,"z":2.3471171855926515},"rotation":{"x":0.07404864579439163,"y":0.08664972335100174,"z":-0.006458838935941458,"w":0.9934621453285217},"size":2.5023059844970705,"orthographic":false}