{"cameraMode":{"drawMode":0,"name":"Shaded","section":"Shading Mode"},"sceneLighting":false,"audioPlay":false,"sceneViewState":{"m_AlwaysRefresh":false,"showFog":true,"showSkybox":false,"showFlares":true,"showImageEffects":true,"showParticleSystems":true,"showVisualEffectGraphs":true,"m_FxEnabled":true},"in2DMode":false,"pivot":{"x":-0.32146283984184267,"y":0.525443434715271,"z":-1.0250632762908936},"rotation":{"x":0.0010178587399423123,"y":0.9771999716758728,"z":-0.2122688740491867,"w":0.004687058739364147},"size":1.5040161609649659,"orthographic":false}