{"cameraMode":{"drawMode":0,"name":"Shaded","section":"Shading Mode"},"sceneLighting":true,"audioPlay":false,"sceneViewState":{"m_AlwaysRefresh":false,"showFog":true,"showSkybox":true,"showFlares":true,"showImageEffects":true,"showParticleSystems":true,"showVisualEffectGraphs":true,"m_FxEnabled":true},"in2DMode":false,"pivot":{"x":-4.867578506469727,"y":-0.9584989547729492,"z":7.3899383544921879},"rotation":{"x":-0.20342165231704713,"y":0.18839198350906373,"z":-0.039915941655635837,"w":-0.959995687007904},"size":16.958812713623048,"orthographic":false}