{"cameraMode":{"drawMode":0,"name":"Shaded","section":"Shading Mode"},"sceneLighting":true,"audioPlay":false,"sceneViewState":{"m_AlwaysRefresh":false,"showFog":true,"showSkybox":true,"showFlares":true,"showImageEffects":true,"showParticleSystems":true,"showVisualEffectGraphs":true,"m_FxEnabled":true},"in2DMode":false,"pivot":{"x":511.2146301269531,"y":192.02450561523438,"z":43.31459045410156},"rotation":{"x":0.010191586799919606,"y":-0.004221854731440544,"z":-0.00005182286986382678,"w":-0.9999722838401794},"size":412.4793395996094,"orthographic":false}