{"cameraMode":{"drawMode":0,"name":"Shaded","section":"Shading Mode"},"sceneLighting":true,"audioPlay":false,"sceneViewState":{"m_AlwaysRefresh":false,"showFog":true,"showSkybox":true,"showFlares":true,"showImageEffects":true,"showParticleSystems":true,"showVisualEffectGraphs":true,"m_FxEnabled":true},"in2DMode":false,"pivot":{"x":527.1985473632813,"y":244.45530700683595,"z":-36.24114990234375},"rotation":{"x":-0.11375389993190766,"y":0.0035697638522833587,"z":-0.0004059359198436141,"w":-0.9935115575790405},"size":329.2762451171875,"orthographic":true}