{"cameraMode":{"drawMode":0,"name":"Shaded","section":"Shading Mode"},"sceneLighting":true,"audioPlay":false,"sceneViewState":{"m_AlwaysRefresh":false,"showFog":true,"showSkybox":true,"showFlares":true,"showImageEffects":true,"showParticleSystems":true,"showVisualEffectGraphs":true,"m_FxEnabled":true},"in2DMode":false,"pivot":{"x":-228.8278350830078,"y":-2.1862905025482179,"z":3.323227882385254},"rotation":{"x":0.13751527667045594,"y":-0.07094207406044007,"z":0.009895460680127144,"w":0.9879206418991089},"size":0.8743645548820496,"orthographic":false}