{"cameraMode":{"drawMode":0,"name":"Shaded","section":"Shading Mode"},"sceneLighting":false,"audioPlay":false,"sceneViewState":{"m_AlwaysRefresh":false,"showFog":true,"showSkybox":false,"showFlares":true,"showImageEffects":true,"showParticleSystems":true,"showVisualEffectGraphs":true,"m_FxEnabled":true},"in2DMode":false,"pivot":{"x":42.52520751953125,"y":-18.791893005371095,"z":-0.3831787109375},"rotation":{"x":0.019808409735560418,"y":-0.00418836297467351,"z":0.00009090002276934683,"w":0.9998080730438232},"size":204.69418334960938,"orthographic":false}