{"cameraMode":{"drawMode":0,"name":"Shaded","section":"Shading Mode"},"sceneLighting":false,"audioPlay":false,"sceneViewState":{"m_AlwaysRefresh":false,"showFog":true,"showSkybox":false,"showFlares":true,"showImageEffects":true,"showParticleSystems":true,"showVisualEffectGraphs":true,"m_FxEnabled":true},"in2DMode":false,"pivot":{"x":3.782841444015503,"y":-1.3928472995758057,"z":-6.238076686859131},"rotation":{"x":0.015069317072629929,"y":-0.6962676048278809,"z":0.014623459428548813,"w":0.7174761295318604},"size":0.7314063310623169,"orthographic":false}