{"cameraMode":{"drawMode":0,"name":"Shaded","section":"Shading Mode"},"sceneLighting":false,"audioPlay":false,"sceneViewState":{"m_AlwaysRefresh":false,"showFog":true,"showSkybox":false,"showFlares":true,"showImageEffects":true,"showParticleSystems":true,"showVisualEffectGraphs":true,"m_FxEnabled":true},"in2DMode":false,"pivot":{"x":7.474918365478516,"y":-1.2167572975158692,"z":-0.07263310998678208},"rotation":{"x":-0.11112718284130097,"y":-0.6983353495597839,"z":0.11112626641988754,"w":-0.6983267068862915},"size":5.3067121505737309,"orthographic":false}