{"cameraMode":{"drawMode":0,"name":"Shaded","section":"Shading Mode"},"sceneLighting":false,"audioPlay":false,"sceneViewState":{"m_AlwaysRefresh":false,"showFog":true,"showSkybox":false,"showFlares":true,"showImageEffects":true,"showParticleSystems":true,"showVisualEffectGraphs":true,"m_FxEnabled":true},"in2DMode":false,"pivot":{"x":0.17170771956443788,"y":-0.16758717596530915,"z":-0.061177968978881839},"rotation":{"x":-0.030300531536340715,"y":-0.015895018354058267,"z":0.0004813281411770731,"w":-0.99942946434021},"size":1.4948062896728516,"orthographic":false}