{"cameraMode":{"drawMode":0,"name":"Shaded","section":"Shading Mode"},"sceneLighting":false,"audioPlay":false,"sceneViewState":{"m_AlwaysRefresh":false,"showFog":true,"showSkybox":false,"showFlares":true,"showImageEffects":true,"showParticleSystems":true,"showVisualEffectGraphs":true,"m_FxEnabled":true},"in2DMode":false,"pivot":{"x":4.96339750289917,"y":-1.3630777597427369,"z":-6.1575469970703129},"rotation":{"x":-0.0007988185971044004,"y":0.730684220790863,"z":0.0008829617872834206,"w":0.6827334761619568},"size":0.8660253882408142,"orthographic":false}