{"cameraMode":{"drawMode":0,"name":"Shaded","section":"Shading Mode"},"sceneLighting":false,"audioPlay":false,"sceneViewState":{"m_AlwaysRefresh":false,"showFog":true,"showSkybox":false,"showFlares":true,"showImageEffects":true,"showParticleSystems":true,"showVisualEffectGraphs":true,"m_FxEnabled":true},"in2DMode":false,"pivot":{"x":-0.473256379365921,"y":0.7930386662483215,"z":-0.7927967309951782},"rotation":{"x":0.013808765448629856,"y":0.006311062257736921,"z":-0.00006739160016877577,"w":0.9999086260795593},"size":0.4890406131744385,"orthographic":false}